model,method,mean_ms,std_ms,n_queries
Naive Bayes Diagnosis BN,VE,1.0539890000245578,0.4705218019223491,15
Naive Bayes Diagnosis BN,BP,375.7241691999904,16.3238078645132,15
