model,method,mean_ms,std_ms,n_queries
Expert Heart Disease BN,VE,0.9125731333256226,0.3867307595110918,15
Expert Heart Disease BN,BP,2364.2041512000146,67.35071138449408,15
