model,method,mean_ms,std_ms,n_queries
Optimized Clinical BN,VE,1.774451399978716,0.4804401096265178,15
Optimized Clinical BN,BP,20.718071399975695,4.247575588345359,15
