model,method,mean_ms,std_ms,n_queries
Expert Heart Disease BN,VE,0.9465076000196859,0.5536391245107191,15
Expert Heart Disease BN,BP,2275.641074199848,52.66646506689762,15
