model,method,mean_ms,std_ms,n_queries
Optimized Clinical BN,VE,1.348690533329015,0.567170070808968,15
Optimized Clinical BN,BP,12.885307933296039,2.0295441970416657,15
