Model,Inference,Accuracy,Precision,Recall,F1,ROC-AUC,Mean inference (ms),N test
Expert Heart Disease BN,VE,0.5,0.5714285714285714,0.0784313725490196,0.13793103448275862,0.566826730692277,24.153851840019342,100
Expert Heart Disease BN,BP,0.56,1.0,0.15384615384615385,0.26666666666666666,0.5769230769230771,2262.0009493999896,25
Chow-Liu Tree BN,VE,0.76,0.7288135593220338,0.8431372549019608,0.7818181818181819,0.8241296518607443,1.2950719399304944,100
Chow-Liu Tree BN,BP,0.76,0.7058823529411765,0.9230769230769231,0.8,0.7692307692307693,19.91753731999779,25
